0,1
CSND,3.5.4.1
ADNt2pp,
PMEACPE,
CITtex_reverse,
GAMtex_reverse,
MEOHtrpp_reverse,
NH4tpp_reverse,
3OAR120_reverse,1.1.1.100
NMNtex_reverse,
EX_xan_e,
NTD10,3.1.3.5
NTD11,3.1.3.5
NTD12,3.1.3.5
AGMtex_reverse,
PItex_reverse,
XTSNH,3.2.2.8
DDPA,2.5.1.54
DCAtex_reverse,
Htex,
P5CD,1.5.1.12
2DGULRy,
2DGULRx,
GAMptspp,
THRt2rpp_reverse,
XANtex,
EX_glyclt_e,
EX_dimp_e,
EX_h_e_reverse,
GLUTRR,1.2.1.70
GLUTRS,6.1.1.17
ULA4Ntppi,
GLCtexi,
MSAR,1.1.1.298
AGM4Pt2pp,
EX_duri_e,
KAS15,
KAS14,2.3.1.41
EX_hxa_e,
G5SADs,
ALAALAtex,
FMNAT,2.7.7.2
ORNtex,
2AGPG141tipp,
SERtex,
OMMBLHX,
OMPHHX,
PANTS,6.3.2.1
E4PD,1.2.1.72
PLIPA2A180pp,3.1.1.4
SCYSDS,
EX_ppal_e,
EX_pydam_e,
TREHpp,3.2.1.28
PGM_reverse,5.4.2.1
EX_pi_e_reverse,
42A12BOOXpp,1.4.3.21
ACOAD1f,1.3.99.2
METSOX2tex,
GDMANE,
IDONt2rpp,
HACD6_reverse,1.1.1.35
GLYCTO4,
EX_urea_e,
LPLIPAL2ATG120,
GLYCTO3,
GLYCTO2,
O2Stex,
MOX_reverse,1.1.3.3
LYXt2pp,
GLYALDtpp_reverse,
ARBt2rpp_reverse,
NDPK8_reverse,2.7.4.6
PUNP1,2.4.2.1
SELtex_reverse,
INDOLEt2pp,
5MTRtpp,
TYRt2rpp,
DAPAL,4.3.1.15
ARBTNtex,
PAPA181pp,3.1.3.4
COBALT2abcpp,
CYTBO3_4pp,
COLIPAPabctex,
UMPtex,
EX_lipa_cold_e,
MN2t3pp,
PE160abcpp,
LPLIPAL2G141,3.1.1.5
ALLTNt2rpp_reverse,
PA160abcpp,
ADSL2r,4.3.2.2
H2tpp_reverse,
DSERt2pp,
ACONIs,5.3.3.7
UAGPT3,
EX_cynt_e,
ASPTA,2.6.1.1
GART,
THMDtex,
CYSDDS,4.4.1.15
DHPTDNRN,
EX_hxan_e,
GAMAN6Ptex,
DHCIND,
UDCPPtppi,
EX_acmum_e,
ASPO4,1.4.3.16
EAR121y,1.3.1.10
EAR121x,1.3.1.9
ALATRS,6.1.1.7
CTBTt2rpp,
DDGLCNt2rpp_reverse,
ACMANAtex_reverse,
MDDCP2pp,3.4.16.4
EX_h2_e,
UDPACGALtex,
INDOLEtex,
23DAPPAt2pp,
LEUTAi,2.6.1.42
EX_tyrp_e,
IDONt2rpp_reverse,
REPHACCOAI_reverse,
3AMPtex,
EX_gthox_e,
EX_kdo2lipid4_e,
FCLT,4.99.1.1
ACPS1,2.7.8.7
FCLK,2.7.1.51
MALDDH,1.1.1.83
IPPMIa,4.2.1.33
2AGPG120tipp,
DTMPK_reverse,2.7.4.9
KG6PDC,4.1.1.85
CYNTt2pp,
LPLIPAL1A141pp,3.1.1.5
FACOAL160t2pp,6.2.1.3
MOHMT,2.1.2.11
CYSDtex,
DHDPS,4.2.1.52
23CGMPtex_reverse,
EX_ser_L_e,
HCYSMT,2.1.1.10
ACt2rpp_reverse,
CFAS180E,2.1.1.79
ALATA_D2,
NI2t3pp,
G1SAT,5.4.3.8
EDA,4.1.2.14
MLTP3_reverse,
EDD,4.2.1.12
GTHOr,1.8.1.7
FRUK,2.7.1.56
THYMtex_reverse,
RMPA_reverse,4.1.2.19
EX_peamn_e,
GTHRDHpp,
PRPPS,2.7.6.1
23PDE9pp,3.1.4.16
MALTTTRabcpp,
DPR,1.1.1.169
MLTGY3pp,
EX_tre_e,
CHTBStex_reverse,
INDOLEt2rpp_reverse,
EX_23camp_e,
DHAtpp_reverse,
FTHFD,3.5.1.10
HIStex_reverse,
FALGTHLs_reverse,
EX_spmd_e,
AGPAT120,2.3.1.51
XTSNtex,
3NTD9pp,
23DAPPAtex_reverse,
ALCD2x_reverse,1.1.1.1
GALtex_reverse,
THMtex,
GLUPRT,2.4.2.14
HBZOPT,
MTRPOX,1.5.3.2
ACACT2r,2.3.1.16
EX_thym_e,
UDPGALtex_reverse,
TRPTRS,6.1.1.2
LEUtex,
DHNPA2r,4.1.2.25
KDOPP,3.1.3.45
KDOPS,2.5.1.55
ACOAD5f_reverse,1.3.99.3
OCBT,2.1.3.3
DHORD2,1.3.5.2
DHORD5,1.3.5.2
CPGNexs,
S4FE4ST,
AGM4PH,
EX_pser_L_e,
EX_etha_e,
S4FE4SR,
ARBTNexs,
AGM4PA,
PPM_reverse,5.4.2.7
ADSL2r_reverse,4.3.2.2
PYNP2r_reverse,2.4.2.2
GMPS2,6.3.5.2
PPAKr,2.7.2.1
MELIBt3ipp,
D_LACt2pp,
HPYRI,5.3.1.22
ADEt2rpp,
4PEPTabcpp,
EX_btn_e,
GALt2pp,
LPLIPAL1E161pp,3.1.1.5
AGMH,
SERAT_reverse,2.3.1.30
ECOAH3_reverse,4.2.1.17
AGMT,3.5.3.11
MMETtex_reverse,
F6Ptex_reverse,
GALabcpp,
TRPtex,
THMDt2pp,
GALCTtex_reverse,
CRNtex,
SERt2rpp_reverse,
HMPK1,2.7.1.49
GLCURt2rpp,
ACSERtex_reverse,
SO4tex,
TAUDO,1.14.11.17
URIt2rpp_reverse,
IDOND2,
METOX2s,
S2FE2SS2,
ACOAD2f,1.3.99.3
LYSTRS,6.1.1.6
FE3Ri,
DDGLK,2.7.1.45
TTRCYCtex_reverse,
ALAALAr_reverse,6.3.2.4
ALAGLUE,
3AMACHYD,
ACONTa,4.2.1.3
PTAr_reverse,2.3.1.8
ACONTb,4.2.1.3
DMSOR2,
ACACt2pp_reverse,
BUTCT,2.8.3.8
CLPNS180pp_reverse,
ASNabcpp,
PLIPA1G160pp,3.1.1.32
F6Ptex,
PSCVT,2.5.1.19
EX_sulfac_e,
EX_5dglcn_e,
EX_gbbtn_e,
ETHAtex,
MNNH,4.2.1.8
5DGLCNt2rpp_reverse,
MG2tex_reverse,
ETOHtex_reverse,
ADNK1,2.7.1.20
EX_arbtn_fe3_e,
23CGMPtex,
EX_psclys_e,
CLtex,
3OAR60,1.1.1.100
CRNCAR,
CRNCAR_reverse,
EX_arbtn_e,
MDDEP2pp,
DXPS,
EX_all_D_e,
ACSERtex,
IPPS,4.1.3.12
FORt2pp,
PLIPA2E120pp,3.1.1.4
CTBTCAL2,
EX_udpgal_e,
LCTStex_reverse,
DBTS,6.3.3.3
EAR120x,1.3.1.9
O16A4Lpp,
UPP3MT,2.1.1.107
ACLS,4.1.3.18
MLTP1,
MLTP2,
MLTP3,
INSTtex_reverse,
CDGR,1.7.1.13
PAPA161,3.1.3.4
PDX5PS,
TTRCYCtex,
G3PCtex_reverse,
PAPA141pp,3.1.3.4
EX_o16a4colipa_e,
DMSOtpp_reverse,
ACMANAtex,
EX_mg2_e_reverse,
NOtex,
LPLIPAL2E160,3.1.1.5
LPLIPAL2E161,3.1.1.5
CITt3pp,
SHCHF,
CRNBTCT_reverse,
EX_slnt_e_reverse,
NDPK5_reverse,2.7.4.6
THRt2rpp,
UM4PCP,
GTHS,6.3.2.3
EX_o2_e_reverse,
ECAP3pp,
UPP3S,4.2.1.75
NTP11,3.6.1.15
EX_for_e,
EX_mal_D_e,
ETHSO3abcpp,
GLUR_reverse,5.1.1.3
DGSNtex,
EX_dha_e,
12DGR160tipp,
PPA2,3.6.1.1
IGPS,4.1.1.48
VALTRS,6.1.1.9
LALADGLUtpp,
PGPP161pp,3.1.3.27
LDH_D2,1.1.2.4
DGMPtex_reverse,
12DGR161tipp,
3HPPtpp,
MSO3tex_reverse,
THMDtex_reverse,
OXCDC,4.1.1.8
UDPGtex,
RMK,2.7.1.5
RMI,5.3.1.14
G3PEabcpp,
GLUt2rpp_reverse,
MCITL2,4.1.3.30
GALBDtex_reverse,
NO3R2pp,
EX_h2o2_e,
FFSD,3.2.1.26
TRPAS2,4.1.99.1
3OAS100,2.3.1.41
MDDEP3pp,
23DAPPAtex,
GLYCtex,
GLNtex,
UAGAAT,2.3.1.129
PLIPA1G120pp,3.1.1.32
2AGPEAT181,2.3.1.40
EX_dms_e,
2AGPEAT180,2.3.1.40
EX_xmp_e,
2MAHMP,
LPLIPAL2G180,3.1.1.5
MANGLYCtex,
SO2tex,
CLPNS140pp_reverse,
OPMEACPD,4.2.1.59
GLYBt2pp,
IPDDI_reverse,5.3.3.2
12PPDStex,
DXPRIi,1.1.1.267
OPMEACPS,2.3.1.41
OPMEACPR,1.1.1.100
GALURtex,
PPCSCT,
DASYN120,2.7.7.41
LIPATPT,
ALAt2rpp,
23CAMPtex,
POX,1.2.2.2
MALTTRabcpp,
N2Otex_reverse,
DGMPtex,
HPPK2,2.7.6.3
ACACT1r,2.3.1.9
DTMPK,2.7.4.9
PFK_3,2.7.1.11
PFK_2,2.7.1.11
GALCTNLtex,
FE3HOXUtpp,
FACOAL180t2pp,6.2.1.3
GSNt2pp,
FACOAL140t2pp,6.2.1.3
EAR100y,1.3.1.10
R5PP,
PSD141,4.1.1.65
GLYK,2.7.1.30
MECDPDH5,
EX_anhgm_e,
2AGPE181tipp,
GUAtex,
MLDCP3App,3.4.17.13
HDCEAtexi,
RNTR1c2,
PGSA161,2.7.8.5
PA120abcpp,
CLPNS120pp_reverse,
GLCNt2rpp_reverse,
UPPDC1,4.1.1.37
MANptspp,
3HAD160,4.2.1.61
3HAD161,4.2.1.61
Htex_reverse,
FUCtex_reverse,
DHQTi,4.2.1.10
PERD,
THRD,1.1.1.103
EX_acolipa_e,
RBFSb,2.5.1.9
GSNtex,
RBFSa,2.5.1.78
GLDBRAN2,
PUNP5_reverse,2.4.2.1
LEUt2rpp,
THRS,4.2.3.1
TARTRt7pp_reverse,
DDGLCNt2rpp,
X5PL3E,
BALAt2pp,
QULNS,
EPMEACPR,1.3.1.10
ASNS2,6.3.1.1
EX_lyx_L_e,
ASNS1,6.3.5.4
LPLIPAL1E120pp,3.1.1.5
PLIPA1E160pp,3.1.1.32
MAN6Ptex,
ACPPAT141,
ACPPAT140,
LCTStpp,
FUSAtex_reverse,
TAURtex_reverse,
GLYBtex,
EX_no2_e,
FALDtex_reverse,
EX_ca2_e,
NADPPPS,
EGMEACPR,1.3.1.10
DUMPtex_reverse,
HCINNMt2rpp,
GALM2pp,5.1.3.3
FECRMabcpp,
LALADGLUtex,
SSALx,1.2.1.24
GALCTt2rpp,
ACGAM1PPpp,3.1.3.10
DHPPDA2,3.5.4.26
CMPtex_reverse,
SELtex,
GTHRDabc2pp,
OAADC,4.1.1.3
EX_tma_e,
EX_dca_e,
DCYTtex,
ASNTRS,6.1.1.22
CPGNUtex,
LPLIPAL2G140,3.1.1.5
PGSA181,2.7.8.5
EX_lcts_e,
HXPRT,2.4.2.8
EX_hom_L_e,
GLCNtex,
UDPGALM,5.4.99.9
PGAMT,5.4.2.10
UAPGR,1.1.1.158
UACGAMtex_reverse,
FE2tex,
ADNUC,3.2.2.8
2AGPE120tipp,
TARTRt7pp,
2AGPA161tipp,
CLPNH141pp,
PNTOtex,
EX_doxrbcn_e,
LSERDHr,1.1.1.298
GLNTRS,6.1.1.18
UMPK,2.7.4.14
G1PPpp,3.1.3.10
MOX,1.1.3.3
ICHORSi,5.4.4.2
PPALtpp,
5MTRtex,
AMPTASEPG,3.4.11.2
DMPPS,
ECOAH1,4.2.1.17
EX_cmp_e,
NTD3pp,3.1.3.5
ACOAD3f,1.3.99.3
12PPDRtex,
MLDCP2Bpp,3.4.17.13
CRNDabcpp,
LACZpp,3.2.1.108
EX_so4_e,
DHNCOAS,
UAGCVT,2.5.1.7
NTD2pp,3.1.3.5
URIC,1.7.3.3
PYDXNtex,
ACHBS,
GLUNpp,3.5.1.2
DALAtex,
ALLPI,
EX_ser_D_e,
EX_gal1p_e,
HADPCOADH3,
CTPS2,6.3.4.2
CRNCBCT_reverse,
URIt2pp,
GTHRDabcpp,
PGPP181,3.1.3.27
PGPP180,3.1.3.27
EX_csn_e,
ADNt2rpp_reverse,
NAtex_reverse,
CYTK2_reverse,2.7.4.14
FE3DHBZR,
GALTptspp,
PHEt2rpp,
EX_LalaDgluMdapDala_e,
CPGNtonex,
EX_crn_e,
EX_tcynt_e,
EX_uacgam_e,
ACGAptspp,
CS,
GLYCtpp,
SFGTHi,3.1.2.12
PPAKr_reverse,2.7.2.1
ALAtex,
GP4GH,
EX_skm_e,
EX_no_e,
HCINNMtex,
TDP,3.6.1.15
CPPPGO2,
ALAR_reverse,5.1.1.1
TDSK,2.7.1.130
LIPAMPL,
EX_dtmp_e,
FHL,
CD2tpp,
TMPK,2.7.4.16
THD2pp,1.6.1.1
ACMUMptspp,
FEOXAMUtpp,
DURIK1,
ACGAL1Ptex,
TSULtex,
VALabcpp,
AMANAPEr_reverse,
PNTOt4pp,
FE3HOXR1,
TARTD,4.2.1.32
FE3HOXR3,
FE3HOXR2,
PYDAMK,2.7.1.35
EX_ethso3_e,
METTRS,6.1.1.10
TKT2_reverse,2.2.1.1
GLCabcpp,
PA181abcpp,
EX_pnto_R_e,
FUSAtex,
ACGAL1PPpp,3.1.3.10
PPALtex,
SHCHCS3,
SPMDabcpp,
CBLAT_reverse,2.5.1.17
UDPG4E,5.1.3.2
12DGR120tipp,
PTRCt2pp,
UPLA4FNT,
SUCCtex,
LPLIPAL2G181,3.1.1.5
GUI2,5.3.1.12
GUI1,5.3.1.12
MCTP2App,
GLUtex,
D_LACtex,
EX_asn_L_e,
MALTHXtexi,
BUTtex_reverse,
NMNt7pp,3.2.2.14
EX_acnam_e,
2AGPA120tipp,
GALTtex,
AGPAT140,2.3.1.51
AGPAT141,2.3.1.51
GLNS,6.3.1.2
URIH,3.2.2.8
ALLK,
LALDO3,1.1.1.21
SLNTtpp,
MNt2pp,
EX_lac_D_e,
EX_so2_e,
RBFK,2.7.1.26
OPHHX,
CYTDtex_reverse,
DGK1_reverse,2.7.4.8
GGPTRCO,
ACNAMtex,
PTRCtex_reverse,
CGLYtex,
EX_thymd_e,
HYXNtpp,
Zn2tex,
NDPK7_reverse,2.7.4.6
E4PD_reverse,1.2.1.72
SUCptspp,
CPH4S,
HYD1pp,1.18.99.1
UDPGPpp,3.6.1.45
CBItonex,
NDPK6,2.7.4.6
GTPtex_reverse,
2DGULRGy,1.1.1.215
2DGULRGx,
DOPAtex,
2AGPG180tipp,
MNLtex_reverse,
NDPK4,2.7.4.6
GLUDy_reverse,1.4.1.4
GTHRDtex,
AGMtex,
WCOS,
POAACR,
UREAtex_reverse,
KDOCT2,2.7.7.38
O16AP1pp,
EX_imp_e,
ACOLIPAabctex,
PROD2,1.5.99.8
ENO_reverse,4.2.1.11
REPHACCOAI,
EX_nac_e,
G3PStex,
ENLIPAabctex,
PSCLYStex,
HOMtex,
XYLabcpp,
PE120abcpp,
TAGURr,1.1.1.58
GBBTNtex,
EX_glc_e,
PLIPA2A141pp,3.1.1.4
GLYCDx,1.1.1.6
RBP4E,5.1.3.4
RHAT1,
ALLULPE_reverse,
AACPS4,6.2.1.20
CHTBStex,
EX_feoxam_un_e,
MLTGY4pp,
EX_3hcinnm_e,
DSERDHr_reverse,
ACOAD4f,1.3.99.3
GALS3,3.2.1.22
FTHFLi,6.3.4.3
DMStex,
URAt2rpp,
EX_trp_L_e,
XYLtex_reverse,
THRtex_reverse,
PSERtex_reverse,
U23GAAT,
OMMBLHX3,
AMPN,3.2.2.4
FE3HOXexs,
DXYLK,
PAPPT3,2.7.8.13
3HCINNMH,
ORNabcpp,
PG160abcpp,
FLVR,1.5.1.30
NADPHQR3,1.6.99.6
NADPHQR4,1.6.99.6
EX_gtp_e,
AACPS8,6.2.1.20
ADOCBLS,
DM_5DRIB,
SUCRtex_reverse,
DCMPtex_reverse,
LADGMDH,
DDGALK,2.7.1.58
METS,2.1.1.13
ECAP1pp,
G1SAT_reverse,5.4.3.8
CPGNabcpp,
ORNDC,4.1.1.17
O16A4COLIPAabctex,
AACPS5,6.2.1.20
DCYTD,3.5.4.14
SELGTHR,
VPAMTr_reverse,2.6.1.66
G1Ptex,
GLCURtex,
IDONtex,
DTARTD,4.2.1.81
AB6PGH,3.2.1.86
BALAtex_reverse,
RNDR2b,
BTS5,2.8.1.6
EX_gmp_e,
TYRtex,
AACPS3,6.2.1.20
HDCAtexi,
ASPtex,
SBTptspp,
MALtex_reverse,
GLCtex_reverse,
MOBDtex,
FACOAE100,
ADD,3.5.4.2
ADA,3.5.4.4
GALCTND,4.2.1.6
GLCDpp,1.1.5.2
FDH4pp,1.2.2.1
EDTXS4,
EDTXS1,
ALTRH,4.2.1.7
EDTXS3,
LALALGLUtex,
HACD2_reverse,1.1.1.35
G1Ptex_reverse,
GLCRt2rpp_reverse,
ASNtex,
EX_12ppd_R_e,
FA120ACPHi,3.1.2.14
CYSTL,4.4.1.8
GTHPi,1.11.1.9
FE3DHBZStonex,
EX_val_L_e,
Kt3pp,
NDPK2_reverse,2.7.4.6
UAGDP,2.7.7.23
LALADGLUtex_reverse,
TRSARr,1.1.1.60
MANAO_reverse,1.1.1.57
O2tpp,
R5PPpp,
HPPPNt2rpp,
DM_OXAM,
EX_nh4_e_reverse,
DAGK180,2.7.1.107
Ktex_reverse,
3HAD40,4.2.1.58
ALAt4pp,
ASPt2_3pp,
ACGALtex,
ECA4COLIPAabctex,
SUCCt3pp,
FE2tex_reverse,
OXAMTC,2.1.3.5
ANHGMtex_reverse,
H2Stex_reverse,
SPODM,1.15.1.1
EX_ag_e,
GLUabcpp,
TPRDCOAS,
AMAOTr,2.6.1.62
NTD9,3.1.3.5
NTD6,3.1.3.5
NTD7,3.1.3.5
NTD4,3.1.3.5
NTD5,3.1.3.5
NTD2,3.1.3.5
NTD3,3.1.3.5
NTD1,3.1.3.5
THMDt2rpp,
NAtex,
METAT,2.5.1.6
GK1_reverse,2.7.4.8
3OAS120,2.3.1.41
3OAS121,2.3.1.41
LPLIPAL2ATG161,
ACALDtex_reverse,
INStex,
EX_malthx_e,
DOXRBCNtpp,
RHCCE,4.4.1.21
PPCK,4.1.1.49
CTECOAI6,5.3.3.8
CTECOAI7,5.3.3.8
CMtex_reverse,
GALTtex_reverse,
PACALDtex,
23CAMPtex_reverse,
CTECOAI8,5.3.3.8
G6PDH2r,1.1.1.49
ACtex,
ARBTNabcpp,
ACALD,1.2.1.10
Kabcpp,
MELIBt2pp,
H2tex_reverse,
PPPNtex,
MANGLYCtex_reverse,
EX_tungs_e,
NACODA,
DSERtex,
HG2t3pp,
PYRt2rpp_reverse,
THRPtex_reverse,
CFAS180G,2.1.1.79
GDPMNH,
BMOCOS,
UM4PL,
ACMUMtex,
LPLIPAL1A120pp,3.1.1.5
GDPMNP,
MMETt2pp,
EX_fe3_e,
ADK4_reverse,
DHACOAH,
EX_rfamp_e,
CBMKr_reverse,2.7.2.2
PHETA1_reverse,2.6.1.58
PROGLYtex,
EX_so4_e_reverse,
EX_fe3dhbzs_e,
PE180abcpp,
FOMETRi,2.1.2.10
ARBt2rpp,
FUCtpp_reverse,
PAPA160,3.1.3.4
NH4tex_reverse,
MOADSUx,
CYSDS,4.1.99.1
MALTPTabcpp,
ACACT3r,2.3.1.16
MINOHPtexi,
RNTR3c2,
23CUMPtex_reverse,
ALATA_L2,
ACACT5r_reverse,2.3.1.16
FEOXAMtonex,
FMETTRS,2.1.2.9
GPDDA3pp,3.1.4.46
3OAR160_reverse,1.1.1.100
PTRCORNt7pp,
ASCBtex_reverse,
12DGR181tipp,
PMANM_reverse,5.4.2.8
NTPP9,3.6.1.19
NTPP8,
NTPP7,
NTPP6,
NTPP5,
NTPP4,
NTPP3,
NTPP2,
EX_mincyc_e,
GUR1PPpp,
ACOTA_reverse,2.6.1.11
FCLPA,4.1.2.17
F6Pt6_2pp,
EX_etoh_e,
SLNTtex,
O16GLCT1,
EX_galur_e,
3HAD100,4.2.1.60
HPPPNDO,1.13.11.16
BSORx,
LACZ,3.2.1.23
DMSOR2pp,
LPLIPAL2ATE120,
EX_h_e,
CHLt2pp,
EX_pyr_e,
MCITD,4.2.1.79
FUMtex_reverse,
ALAGLUE_reverse,
HIStex,
H2Otex_reverse,
IG3PS,
3AMPtex_reverse,
EX_nh4_e,
OXCOAHDH,
12PPDStpp_reverse,
DNMPPA,
PSSA181,2.7.8.8
PSSA180,2.7.8.8
GALBDtex,
SULFACtex,
LDH_D_reverse,1.1.1.28
CLPNH140pp,
HACD3_reverse,1.1.1.35
EX_ttrcyc_e,
OCTAtex,
CBMKr,2.7.2.2
GLCNtex_reverse,
ACPPAT161,
ACPPAT160,
THFAT,2.1.2.10
ACOAD2f_reverse,1.3.99.3
G1PTT,2.7.7.24
CD2tex,
PNTOtex_reverse,
HACD7_reverse,1.1.1.35
GALT1,
URAtex,
FACOAE180,
GLYCAt2rpp_reverse,
AHCYSNS,3.2.2.9
THZPSN3,
NNATr,2.7.7.18
EX_LalaDgluMdap_e,
GBBTNtex_reverse,
ME1,1.1.1.38
PE161abcpp,
ALAR,5.1.1.1
EAR141x,1.3.1.9
SDPDS,3.5.1.18
CRNCAL2,
ECOAH5_reverse,4.2.1.17
EX_gdp_e,
PPBNGS,4.2.1.24
3HAD80,4.2.1.58
CRNt7pp,
SULFACabcpp,
LPLIPAL1G161pp,3.1.1.5
MLTG3,
IPPMIa_reverse,4.2.1.33
MLTG2,
TAGURr_reverse,1.1.1.58
HISTRS,6.1.1.21
EX_tyr_L_e,
MALDt2_2pp,
AGM3PA,
TYRtex_reverse,
AGM3PH,
3OAR180_reverse,1.1.1.100
TMDK1,2.7.1.21
OMBZLM,
PGP140abcpp,
PHYTSpp,
12DGR141tipp,
EX_gly_e,
MMM,5.4.99.2
LPLIPAL2ATG160,
DAPtex_reverse,
EX_orn_e,
GLCURt2rpp_reverse,
GLYC3Pabcpp,
EX_metsox_S_L_e,
EAR80y,1.3.1.10
HOMt2pp,
GMPtex_reverse,
TSULabcpp,
RFAMPtex,
DHFR,1.5.1.3
DHFS,6.3.2.12
SUCMALtpp,
PERD_reverse,
NH4tpp,
VALTA,2.6.1.42
MPTSS,
SO3tex_reverse,
TMAOR1,
PGMT_reverse,5.4.2.2
OGMEACPD,4.2.1.59
SELGTHR2,
LPLIPAL2A120,3.1.1.5
CFAS160G,2.1.1.79
EX_cpgn_e,
CFAS160E,2.1.1.79
ICHORS,5.4.99.6
ADK4,
3OAR100,1.1.1.100
NADPHQR2,1.6.99.6
ICHORT,3.3.2.1
HXAND,
EX_sucr_e,
PLIPA2E141pp,3.1.1.4
OGMEACPR,1.1.1.100
OGMEACPS,
GLYALDtpp,
ALLtex_reverse,
CRNtex_reverse,
FEROpp,1.16.3.1
EX_rmn_e,
PHEtex_reverse,
PLIPA1G161pp,3.1.1.32
APG3PAT181,
APG3PAT180,
SADH,2.6.1.69
LALALGLUtpp,
XANtpp_reverse,
PA161abcpp,
NO3R1bpp,1.7.99.4
PACALDt2rpp_reverse,
CRNCDH,
UDPGLCURtex,
PGPP140,3.1.3.27
CYTDt2rpp,
GLYAT_reverse,2.3.1.29
EX_succ_e,
EX_acmana_e,
EX_feoxam_e,
AMMQLT8,
USHD,
UAAGDS,6.3.2.13
GALURt2rpp,
PPNDH,4.2.1.51
GLCP2,2.4.1.1
EX_fusa_e,
PG180abcpp,
M1PD,1.1.1.17
EX_fru_e,
FA161ACPHi,3.1.2.14
FUM_reverse,4.2.1.2
ACONMT,
DUTPDP,3.6.1.23
TRPtex_reverse,
TREptspp,
GALCTtex,
URAt2rpp_reverse,
ALR2,
ENTERES,
MLTGY2pp,
SBTtex_reverse,
EX_g3ps_e,
ACNAMt2pp,
FMNRx2,1.5.1.39
DHDPRy,1.3.1.26
O16AT,
DTMPtex,
DSBAO1,
5MTRtex_reverse,
EX_g3pi_e,
EX_enter_e,
MINCYCtex,
ASAD_reverse,1.2.1.11
SO3tex,
PGCD,1.1.1.95
EX_cu2_e,
FACOAL181t2pp,6.2.1.3
O2tex_reverse,
HEPT2,
ADK1,2.7.4.3
FBA3_reverse,4.1.2.13
RIBtex,
EX_hacolipa_e,
3OAS80,2.3.1.41
TPI,5.3.1.1
3OAR80,1.1.1.100
EX_fe3_e_reverse,
LCTStpp_reverse,
METDtex,
TMAOtex,
CYANtex,
EX_acgam1p_e,
MELIBtex_reverse,
APG3PAT161,
APG3PAT160,
CYTDt2pp,
PGPP180pp,3.1.3.27
FEENTERabcpp,
URACPAH,
EX_malttr_e,
ACACT7r_reverse,2.3.1.16
PDE1,3.1.4.17
PItex,
CYTK1,2.7.4.14
CYTK2,2.7.4.14
VALt2rpp_reverse,
AGPAT160,2.3.1.51
ME2,1.1.1.40
ECA4OALpp,
O16AP2pp,
EX_glyc_R_e,
PUNP2_reverse,2.4.2.1
NODOy,1.14.12.17
2AGPE160tipp,
RMNtex_reverse,
EX_sel_e_reverse,
PUNP6_reverse,2.4.2.1
L_LACtex_reverse,
GLUt4pp,
SERt2rpp,
H2tpp,
DCTPD,3.5.4.13
ETHAtex_reverse,
EX_cytd_e,
ZN2tpp,
SKMtex_reverse,
CLPNS140pp,
GLYC2Pabcpp,
XTSNt2rpp_reverse,
EX_23ccmp_e,
GALCTNtex_reverse,
GLUABUTt7pp_reverse,
CD2abcpp,
AP5AH,
ENO,4.2.1.11
I2FE2SR,
DHMPTR,
2AGPG160tipp,
EX_man_e,
O2Stex_reverse,
IPPMIb_reverse,4.2.1.33
ARGAGMt7pp,
FDMO,
FDMO2,
H2O2tex_reverse,
PPTHpp,
MSO3tex,
AGMt2pp,
MCTP1App,
LIPACabcpp,
12DGR140tipp,
5DGLCNtex_reverse,
ACOAD6f,1.3.99.3
MOCOS,
TMAtex,
3OAR121,1.1.1.100
EX_dad_2_e,
PSCLYStex_reverse,
ACGAM1Ptex_reverse,
G5SD,1.2.1.41
PGPP160pp,3.1.3.27
DNTPPA,
S7PI,
XYLt2pp,
PUNP1_reverse,2.4.2.1
PETNT161pp,
RBK_L1,2.7.1.16
AKGtex_reverse,
SBTPD,1.1.1.140
LYSDC,4.1.1.18
LPLIPAL2ATE181,
UDPG4E_reverse,5.1.3.2
ADNCYC,4.6.1.1
QUIN2tpp,
PA141abcpp,
GALCTNLtex_reverse,
EX_fruur_e,
EX_galctn_D_e,
PHETRS,6.1.1.20
PDH,1.2.4.1
ALLtex,
PYNP2r,2.4.2.2
GAM6Pt6_2pp,
GALUi,2.7.7.9
PYRtex,
EX_cobalt2_e_reverse,
CLPNH181pp,
NI2tpp,
ARBTtex,
EX_xylu_L_e,
THRA2i,4.1.2.5
ASPTA_reverse,2.6.1.1
SDPTA_reverse,2.6.1.17
CYSabc2pp,
EX_alltn_e,
GHBDHx,
I4FE4ST,
I4FE4SR,
EX_4hoxpacd_e,
LPLIPAL1G180pp,3.1.1.5
O16AP3pp,
EX_glyc3p_e,
NADH17pp,1.6.5.3
UPPRT,2.4.2.9
PGPP120,3.1.3.27
AMPtex_reverse,
MN6PP,
SLNTtex_reverse,
GAPD_reverse,1.2.1.12
FEENTERR1,
GLCATr_reverse,2.3.1.79
FEENTERR3,
FECRMR1,
FECRMR2,
FECRMR3,
APH180,3.6.1.7
APH181,3.6.1.7
23PDE2pp,3.1.4.16
UPLA4FNF,
BSORy,
ACACtex_reverse,
3UMPtex_reverse,
FRUURtex_reverse,
PLIPA1A120pp,3.1.1.32
APH160,3.6.1.7
APH161,3.6.1.7
EX_cbl1_e,
BUTtex,
HG2tex,
AACPS9,6.2.1.20
LPLIPAL2E120,3.1.1.5
FACOAE120,
EAR140x,1.3.1.9
HXAtex_reverse,
AACPS6,6.2.1.20
AACPS7,6.2.1.20
AACPS1,6.2.1.20
AACPS2,6.2.1.20
PRPPS_reverse,2.7.6.1
DOXRBCNtex_reverse,
EX_halipa_e,
XMPtex,
L_LACt2rpp,
MN2tpp,
GALCTLO,
ACCOAL,6.2.1.13
CITL,4.1.3.6
QUIN2tex_reverse,
FORtppi,
EX_xtsn_e,
ACCOAC,6.4.1.2
NMNAT,2.7.7.1
AKGDH,
EX_thm_e,
MANPGH,
XPPT,2.4.2.22
ATPHs,
AICART_reverse,2.1.2.3
LCARR_reverse,1.1.1.77
CYNTAH,
NADH18pp,1.6.5.3
THYMtex,
EX_agm_e,
UDCPDPS,
MMETtex,
COLIPAKpp,
HSK,2.7.1.39
EX_co2_e,
METSOX2abcpp,
VALtex_reverse,
EX_ptrc_e,
RMNtpp,
G2PP,
PPGPPDP,3.1.7.2
CYTDH,3.2.2.8
TRPS2,4.2.1.20
MTHFD_reverse,1.5.1.5
OCTDPS,
H2Otex,
LIPAHT2ex,
EX_glcur_e,
EX_cu2_e_reverse,
CYSSADS,4.1.1.12
EDTXS2,
CRNDt2rpp_reverse,
MALTPTtexi,
XYLUtex,
SERTRS2,6.1.1.11
DHAtpp,
GPDDA2pp,3.1.4.46
R5Ptex_reverse,
O16GALFT,
CPGNUtpp,
ACtex_reverse,
ALDD3y,
ACACT4r_reverse,2.3.1.16
OHPBAT,2.6.1.52
NO3tex_reverse,
PYRtex_reverse,
PRAIi,5.3.1.24
OPHBDC,
EX_rib_D_e,
PGI_reverse,5.3.1.9
EX_man6p_e,
GLYCLTt4pp,
FBA3,4.1.2.13
MDDCP1pp,3.4.16.4
FACOAL60t2pp,6.2.1.3
ULA4NFT,
UDPKAAT,
ACALD_reverse,1.2.1.10
ALAt2pp,
EX_mmet_e,
EX_colipa_e,
DCYTt2pp,
EX_3ump_e,
CTBTt2rpp_reverse,
AGM4PCPpp,
GALCTD,4.2.1.42
CU2tpp,
EX_dopa_e,
PAPA140,3.1.3.4
PAPA141,3.1.3.4
3OAR60_reverse,1.1.1.100
5DGLCNtex,
ALLTNtex,
EX_pi_e,
G3PCtex,
NI2uabcpp,
SULFACtex_reverse,
CYStex,
QMO2,
PAPA120pp,3.1.3.4
2AGPEAT160,2.3.1.40
LIPAHTex,
ANPRT,2.4.2.18
GLNtex_reverse,
EX_glyald_e,
EX_din_e,
PSD180,4.1.1.65
PSD181,4.1.1.65
EX_hdcea_e,
FORtex,
3HAD121,4.2.1.61
ARGDCpp,4.1.1.19
SO2tex_reverse,
DAGK120,2.7.1.107
PYDXtpp,
UDPGtex_reverse,
CSNt2pp,
SUCCt2_2pp,
NTD5pp,3.1.3.5
EX_glyc_e,
PAPA160pp,3.1.3.4
EX_ddca_e,
GLUtex_reverse,
THRAi,4.1.2.5
MOCDS,
EX_eca4colipa_e,
GARFT,2.1.2.2
G3PT,
GDPtex_reverse,
AMPTASECG,3.4.11.2
GLYCAtex,
ADOCBIK,
PPCDC,4.1.1.36
GGGABADr,
2AGPG161tipp,
TARTRDtex,
GDPDPK,
GLCP,2.4.1.1
DDPGALA,4.1.2.21
CBIAT_reverse,2.5.1.17
QUIN2tpp_reverse,
DHAtex_reverse,
ARBabcpp,
ASPt2rpp,
SHK3Dr_reverse,1.1.1.25
PLIPA2G141pp,3.1.1.4
G3PEtex,
LPLIPAL1A161pp,3.1.1.5
AACTOOR,
QMO3,
H2Otpp_reverse,
FACOAL161t2pp,6.2.1.3
UACMAMO,
26DAHtex_reverse,
ECOAH6_reverse,4.2.1.17
PDX5POi,1.4.3.5
CLPNS181pp_reverse,
ARBTNtonex,
OHPBAT_reverse,2.6.1.52
ASO3tex,
INSH,3.2.2.8
PLIPA2A120pp,3.1.1.4
INSK,2.7.1.73
TYRPtex,
PYRt2rpp,
AMANAPEr,
ACGALtex_reverse,
GND,1.1.1.44
ILETA_reverse,2.6.1.42
GNK,2.7.1.12
NADH10,1.6.5.3
NMNN,3.2.2.14
LYSabcpp,
3HAD120,4.2.1.61
CLPNS180pp,
SELNPS,2.7.9.3
PLIPA2A161pp,3.1.1.4
QUIN2tex,
PLIPA2E140pp,3.1.1.4
CLPNS161pp_reverse,
12PPDStex_reverse,
ACOAD7f,1.3.99.3
GUAtex_reverse,
DHNPA2r_reverse,4.1.2.25
NDPK3_reverse,2.7.4.6
EX_dcmp_e,
EX_quin_e,
GLYtex,
SELtpp,
ALAALAD,3.4.17.14
DADNt2pp,
EX_pydxn_e,
P5CR,1.5.1.2
DADK,2.7.4.11
ECOAH7_reverse,4.2.1.17
2AGPE140tipp,
LPLIPAL2ATG141,
LPLIPAL2ATG140,
DADA,
ALAALAr,6.3.2.4
ACOAD4f_reverse,1.3.99.3
TMAOR2,
PSSA141,2.7.8.8
PSSA140,2.7.8.8
2AGPEAT120,2.3.1.40
34dhpactex_reverse,
PA180abcpp,
2AGPA140tipp,
NTPP11,3.6.1.19
NTPP10,3.6.1.19
PTRCtex,
METSOX1tex_reverse,
NOVBCNtex,
GLYBabcpp,
GLYC3Ptex_reverse,
LPLIPAL2A140,3.1.1.5
PLIPA1A160pp,3.1.1.32
DM_AACALD,
GLCRD,4.2.1.40
NO3tex,
CHLtex_reverse,
EAR161y,1.3.1.10
EAR161x,1.3.1.9
ALLTN,3.5.2.5
G6PDH2r_reverse,1.1.1.49
3CMPtex_reverse,
DASYN180,2.7.7.41
ALAALAabcpp,
SPMDtex_reverse,
SERt4pp,
NTD4pp,3.1.3.5
HKNDDH,
FCI,5.3.1.25
TRPt2rpp,
PROtex_reverse,
EX_3hpp_e,
PTRCORNt7pp_reverse,
ASCBPL,
CRNDtex,
ASCBptspp,
PGPP161,3.1.3.27
PGPP160,3.1.3.27
PRFGS,6.3.5.3
PG120abcpp,
ETOHtex,
MG2tex,
DASYN160,2.7.7.41
DASYN161,2.7.7.41
EX_gthrd_e,
AGM3PApp,
XTSNt2rpp,
PLIPA2G140pp,3.1.1.4
VPAMTr,2.6.1.66
MALTTRtexi,
RNDR4,1.17.4.1
RNDR3,1.17.4.1
RNDR2,1.17.4.1
RNDR1,1.17.4.1
ARGtex,
EX_15dap_e,
MTHTHFSs,
RNDR1b,
EX_fecrm_un_e,
PDXPP,
GALCTNLt2pp,
URItex,
D_LACt2pp_reverse,
EX_arg_L_e,
K2L4Aabcpp,
DC6PH,
CHLabcpp,
GLYC3Pt6pp,
SPMDtex,
RNTR2c2,
ASNt2rpp_reverse,
PGPP141pp,3.1.3.27
CYSDabcpp,
LCARS_reverse,1.1.1.77
TMDPP_reverse,2.4.2.4
GDPtex,
EX_adocbl_e,
2AGPA141tipp,
LPLIPAL2ATE141,
LPLIPAL2ATE140,
DOPAtex_reverse,
RFAMPtpp,
PYK,2.7.1.40
CLPNS181pp,
LA4NTpp,
CHOLD,1.1.99.1
PLIPA2A160pp,3.1.1.4
EX_ala_D_e,
G6Ptex,
AM4PCP,
FRUpts2pp,
BUTSO3abcpp,
ACONTb_reverse,4.2.1.3
FA100ACPHi,3.1.2.14
FESD2s,
ASPt2pp,
PDX5PO2,
TDSR1,
TDSR2,
CYANSTpp,2.8.1.1
APG3PAT141,
APG3PAT140,
MICITDr_reverse,4.2.1.99
NADH5,1.6.5.3
CU2tex_reverse,
NADH9,1.6.5.3
MALTATr,2.3.1.79
BALAtex,
DHACOAH_reverse,
PLIPA1E120pp,3.1.1.32
MAN6PI_reverse,5.3.1.8
EX_mn2_e,
CHORS,4.2.3.5
FRULYStex,
MCTP1Bpp,
HYXNtex_reverse,
HCO3E,4.2.1.1
ADCS,2.6.1.85
AGPAT180,2.3.1.51
AGPAT181,2.3.1.51
XANtex_reverse,
CHTBSptspp,
IPDDI,5.3.3.2
N2Otpp_reverse,
AM4PA,
AMANK,2.7.1.60
3NTD7pp,
TARTRtex,
DMATT,2.5.1.1
LPLIPAL1G140pp,3.1.1.5
THRt2pp,
GLCRtex_reverse,
3GMPtex,
IMPtex_reverse,
ACACT8r,2.3.1.16
MNLtex,
ICDHyr,1.1.1.42
GMHEPPA,
EX_pydx_e,
CLPNS160pp_reverse,
SUCFUMtpp,
THRabcpp,
EX_fe3hox_un_e,
PHEMEtiex,
MCPST,2.8.1.2
SUCOAS,6.2.1.5
HISabcpp,
LPLIPAL1E180pp,3.1.1.5
EX_acser_e,
FEENTERtpp,
L_LACtex,
MDH_reverse,1.1.1.37
XYLK,2.7.1.17
DHAD1,4.2.1.9
FE3HOXUtex,
2AGPE141tipp,
CBIAT,2.5.1.17
LPLIPAL1E140pp,3.1.1.5
3OXCOAT,
AMPtex,
CTECOAI7_reverse,5.3.3.8
MALTHXabcpp,
ACGAtex,
ACOAD8f,1.3.99.3
ARGTRS,6.1.1.19
GLYC2Ptex_reverse,
MDDEP4pp,
TGBPA_reverse,4.1.2.40
PYDAMtex,
ACACtex,
LPLIPAL1G181pp,3.1.1.5
GLUSy,1.4.1.13
GUAt2pp,
NO2t2rpp_reverse,
TREtex_reverse,
D_LACtex_reverse,
LSERDHr_reverse,1.1.1.298
PRMICI,5.3.1.16
TUNGSabcpp,
O2tpp_reverse,
A5PISO_reverse,5.3.1.13
ADSL1r,4.3.2.2
ABUTD,1.2.1.19
ICL,4.1.3.1
TRPAS2_reverse,4.1.99.1
DGK1,2.7.4.8
ALAabcpp,
UREAtpp,
EX_octa_e,
EX_galt_e,
FALDtex,
G3PGabcpp,
PFK,2.7.1.11
PFL,2.3.1.54
GRXR,1.8.4.2
EX_g1p_e,
PEAMNtex,
FUCtpp,
DSERtex_reverse,
GLUt2rpp,
EX_ppa_e,
ALLULPE,
SO2tpp,
SUCRtex,
AADDGT,
GUAPRT,2.4.2.8
EX_mnl_e,
EAR120y,1.3.1.10
GLYCLTtex_reverse,
TYRTRS,6.1.1.1
ARBTNtpp,
23CCMPtex_reverse,
PGK_reverse,2.7.2.3
FORCT,
ATPM,
AMAOTr_reverse,2.6.1.62
TYRt2rpp_reverse,
3NTD4pp,
UDPGALtex,
APH140,3.6.1.7
APH141,3.6.1.7
FACOAE141,
FACOAE140,
BUTSO3tex_reverse,
3HPPtex_reverse,
EX_pheme_e,
FACOAL100t2pp,6.2.1.3
GLCRAL,4.1.2.20
NNDMBRT,
SERASr_reverse,
DINSt2pp,
NACtex_reverse,
THMtex_reverse,
EX_fum_e,
NI2tex_reverse,
EX_na1_e_reverse,
ISETACabcpp,
CDGS,
DHNAOT4,
ACODA,3.5.1.16
LALDO2x,1.1.1.21
EX_mobd_e_reverse,
2AGPGAT120,2.3.1.40
MEOHtex_reverse,
DKGLCNR2x,
DKGLCNR2y,
DHORTS_reverse,3.5.2.3
GLCS1,2.4.1.21
ACOATA_reverse,2.3.1.38
ETOHtrpp_reverse,
PPAtex,
GPDDA5pp,3.1.4.46
TYRPtex_reverse,
PROtex,
MNLptspp,
NAt3_2pp,
SO2tpp_reverse,
GTPDPK,2.7.6.5
UGLT,2.7.7.12
NMNtex,
3OAR120,1.1.1.100
5DGLCNR,1.1.1.69
CYStex_reverse,
FCLPA_reverse,4.1.2.17
UAG2E,5.1.3.14
DHNCOAT,
EX_fe2_e_reverse,
MICITDr,4.2.1.99
PEAMNOpp,1.4.3.21
FRULYSt2pp,
GGGABAH,
MG2uabcpp,
CSNtex_reverse,
G6Pt6_2pp,
EAR160x,1.3.1.9
EAR160y,1.3.1.10
METOX1s,
PPK2r,2.7.4.1
PETNT181pp,
MANGLYCptspp,
GTHRDtex_reverse,
DMSOtpp,
PPPGO3,1.3.3.4
AM3PA,
ABTA,2.6.1.19
UDPKAAT_reverse,
CADVtpp,
RPI_reverse,5.3.1.6
DHPPD,
CA2tex_reverse,
HCINNMt2rpp_reverse,
FUMt2_2pp,
EX_malt_e,
MLDEP1pp,
HMBS,4.3.1.8
GTPCI,3.5.4.16
SUCCt2_3pp,
THYMt3pp,
EX_fe3dcit_e,
PPTtex,
EX_galctn_L_e,
PAPA161pp,3.1.3.4
PG161abcpp,
EX_tartr_L_e,
DHBD_reverse,1.3.1.28
TYRPpp,
L_LACt2rpp_reverse,
DALAtex_reverse,
HXAtex,
HACD1,1.1.1.35
TMAOR1pp,
ECOAH2_reverse,4.2.1.17
LIPOt2pp,
SADT2,
ICHORS_reverse,5.4.99.6
HACD3,1.1.1.35
UDCPDP,3.6.1.27
NTP10,3.6.1.15
DAPabcpp,
NTP12,3.6.1.15
BTNt2ipp,
FBA_reverse,4.1.2.13
DHAD2,
ADPT,2.4.2.7
SKMtex,
GLYCtex_reverse,
MNtex,
GLTPD,
SOTA,
EX_xyl_D_e,
FRULYSDG_reverse,
GLYCAtex_reverse,
GLYt2pp,
TREtex,
CO2tex,
HACD8,1.1.1.35
3OAS180,2.3.1.41
EX_cu_e,
EX_tartr_D_e,
EX_lys_L_e,
KARA1_reverse,1.1.1.86
CTECOAI6_reverse,5.3.3.8
EX_cbi_e,
ARGDC,4.1.1.19
CAT,1.11.1.6
FA160ACPHi,3.1.2.14
VALTA_reverse,2.6.1.42
GLCTR1,
GLCTR2,
GLCTR3,
HEX1,2.7.1.2
MALTabcpp,
DAGK141,2.7.1.107
DAGK140,2.7.1.107
HEX4,2.7.1.7
HEX7,2.7.1.1
LPLIPAL2A141,3.1.1.5
G3PCabcpp,
GLCNt2rpp,
MINCYCtex_reverse,
Ec_biomass_iJO1366_core_53p95M,
PUNP4_reverse,2.4.2.1
PGL,3.1.1.31
PGM,5.4.2.1
PGK,2.7.2.3
PACALDtex_reverse,
PGI,5.3.1.9
HEPT4,
DMSOR1pp,
HEPT3,
HEPT1,
DTMPtex_reverse,
VALt2rpp,
ETOHtrpp,
DHFR_reverse,1.5.1.3
CAt6pp,
EX_acac_e,
S2FE2SR,
S2FE2SS,
S2FE2ST,
FDMO3,
UREAtpp_reverse,
FADRx,
MALtex,
FDMO6,
FDMO4,
FEENTERtex,
EX_gam_e,
UAG2E_reverse,5.1.3.14
AAMYLpp,
CO2tpp_reverse,
G3PD2_reverse,1.1.1.94
EX_dgmp_e,
ALATA_L_reverse,2.6.1.2
UDCPDPpp,3.6.1.27
EX_udpg_e,
I2FE2SS2,
GLYtex_reverse,
PRMICI_reverse,5.3.1.16
CBL1abcpp,
PAPA180,3.1.3.4
PAPA181,3.1.3.4
ILEt2rpp_reverse,
ILEtex,
PRATPP,3.6.1.31
EX_his_L_e,
GLCUR1Ptex,
PPM,5.4.2.7
BMOGDS1,
PAPSR,1.8.4.8
5DOAN,
BMOGDS2,
DURADx_reverse,1.3.1.1
PLIPA1A161pp,3.1.1.32
PRAIS,6.3.3.1
PGPP120pp,3.1.3.27
SUCCtex_reverse,
ALR4x,
MPTAT,
FA141ACPHi,3.1.2.14
SELGTHR3,
HACD5_reverse,1.1.1.35
UREAtex,
FACOAL141t2pp,6.2.1.3
EX_cys_L_e,
NTD7pp,3.1.3.5
THDPS,2.3.1.117
TSULtex_reverse,
PHETA1,2.6.1.58
DAPtex,
EX_taur_e,
MALCOAMT,
EX_pro_L_e,
CRNabcpp,
ARBtex_reverse,
EX_cgly_e,
TTRCYCtpp,
CSNtex,
EX_5mtr_e,
NTRIR3pp,
HXCT,2.8.3.8
CO2tex_reverse,
ILEtex_reverse,
3OAS60,2.3.1.41
AGDC,3.5.1.25
GLCptspp,
EX_ile_L_e,
PSSA161,2.7.8.8
PSSA160,2.7.8.8
MTHFR2,1.5.1.20
EX_hg2_e,
LEUt2rpp_reverse,
DINStex_reverse,
G3PGtex_reverse,
EX_cys_D_e,
LCARS,1.1.1.77
LCARR,1.1.1.77
PSP_L,3.1.3.3
XYLtex,
GUAtpp,
AIRC3_reverse,5.4.99.18
SPMDAT1,2.3.1.57
SPMDAT2,2.3.1.57
LPLIPAL2A160,3.1.1.5
12PPDRtpp_reverse,
PPKr_reverse,2.7.4.1
PYAM5PO,1.4.3.5
EX_mal_L_e,
OPHHX3,
FRUptspp,
EX_met_D_e,
O2tex,
DHBD,1.3.1.28
CBL1tonex,
KARA1,1.1.1.86
KARA2,1.1.1.86
ILETA,2.6.1.42
DHBS,2.7.7.58
ALPATG160pp,
FCI_reverse,5.3.1.25
PYDXK,2.7.1.35
DMStex_reverse,
CDAPPA141,3.6.1.26
CDAPPA140,3.6.1.26
CYTDt2rpp_reverse,
ACOAD3f_reverse,1.3.99.3
DASYN140,2.7.7.41
DASYN141,2.7.7.41
ACNAMtex_reverse,
AOXSr2,2.3.1.47
DAMPtex,
HACD2,1.1.1.35
HACD5,1.1.1.35
HACD4,1.1.1.35
HACD7,1.1.1.35
HACD6,1.1.1.35
EX_acgam_e,
AMALT4,2.4.1.25
AMALT3,2.4.1.25
AMALT2,2.4.1.25
AMALT1,2.4.1.25
GLCRt2rpp,
EX_zn2_e,
NTPP1,
DRPA,4.1.2.4
NOtpp_reverse,
HPPPNtex_reverse,
FALDH2,1.1.1.284
2AGPA181tipp,
SPMDt3pp,
DOGULNR,
ADSS,6.3.4.4
PEAMNtex_reverse,
MALTtexi,
SHSL1,2.5.1.48
G2PPpp,
PSCLYSt2pp,
2AGPG140tipp,
BETALDHy,1.2.1.8
EX_inost_e,
ADSK,2.7.1.25
ACSERtpp,
G3PGtex,
CLPNH161pp,
LPLIPAL2ATE161,
LPLIPAL2ATE160,
GSPMDA,3.5.1.78
FEENTERexs,
HEPK2,
HEPK1,
ALATA_L,2.6.1.2
EX_26dap_M_e,
LPLIPAL1G141pp,3.1.1.5
EX_novbcn_e,
12PPDRtex_reverse,
SERTRS,6.1.1.11
GSPMDS,6.3.1.8
LPLIPAL2A180,3.1.1.5
LPLIPAL2A181,3.1.1.5
PACCOAL,6.2.1.30
4PEPTtex_reverse,
MPTS,
CYTK1_reverse,2.7.4.14
TCYNTtex_reverse,
DB4PS,
COLIPAabctex,
NTD6pp,3.1.3.5
PACCOAE,
MAN6PI,5.3.1.8
MPTG,
GLYCK,2.7.1.31
G3PAT180,2.3.1.15
G3PAT181,2.3.1.15
LPLIPAL2G120,3.1.1.5
GLYCL,
ICDHyr_reverse,1.1.1.42
HISTD,1.1.1.23
MLDCP1App,3.4.17.13
ASP1DC,4.1.1.11
3PEPTtex,
CGLYabcpp,
APG3PAT120,
XYLI1,5.3.1.5
I2FE2SS,
XYLI2,5.3.1.5
THRTRS,6.1.1.3
I2FE2ST,
SSALy,1.2.1.16
LPLIPAL1E181pp,3.1.1.5
EX_but_e,
SERD_D,4.3.1.18
EX_23cgmp_e,
EX_met_L_e,
SERD_L,4.3.1.17
SEPHCHCS,2.2.1.9
VALtex,
GUAD,3.5.4.3
ALDD19xr_reverse,1.2.1.39
DSBGGT,
AIRC2,
PPPGO,1.3.3.4
EX_2ddglcn_e,
AIRC3,5.4.99.18
EX_4abut_e,
FEOXAMabcpp,
DHORDfum,
EX_slnt_e,
EX_mso3_e,
AKGtex,
PTHRpp,
CLt3_2pp,
NTD12pp,3.1.3.5
NO2tex_reverse,
PRASCSi,6.3.2.6
PIt2rpp_reverse,
SUCASPtpp,
RPE,5.1.3.1
CMPN,3.2.2.10
BETALDHx,1.2.1.8
HISTP,3.1.3.15
RPI,5.3.1.6
ASR,
CGLYtex_reverse,
PLIPA2G180pp,3.1.1.4
CYStpp,
EAR140y,1.3.1.10
TARTt2_3pp,
G3PD2,1.1.1.94
CO2tpp,
RBK,2.7.1.15
G3PD6,1.1.5.3
G3PD5,1.1.5.3
LCADi,1.2.1.21
PROGLYabcpp,
EX_amp_e,
UDPGALPpp,3.6.1.45
RMPA,4.1.2.19
GLXCL,4.1.1.47
GALKr_reverse,2.7.1.6
MCITS,2.3.3.5
TMDS,2.1.1.45
PYDXNK,2.7.1.35
MOAT3C,
GARFT_reverse,2.1.2.2
DDGLCNtex_reverse,
XYLI2_reverse,5.3.1.5
GLYCLTDy,1.1.1.26
GLYCLTDx,
HKNTDH,
LYXI,
CU1Opp,
12PPDStpp,
CLPNH180pp,
EX_fecrm_e,
PG140abcpp,
GLYt2rpp,
NAMNPP,2.4.2.11
BWCOGDS2,
BWCOGDS1,
FRUtex_reverse,
SBTtex,
MALt2_2pp,
TCYNTtex,
EX_ca2_e_reverse,
ACOTA,2.6.1.11
TYMtex_reverse,
DAAD,1.4.99.1
FALGTHLs,
INSt2pp,
ALCD2x,1.1.1.1
HSTPT,2.6.1.9
UDPACGALtex_reverse,
GLBRAN2,2.4.1.18
FECRMexs,
CRNBTCT,
G3PEtex_reverse,
ACANTHAT,2.3.1.118
CRNCDH_reverse,
GHMT2r_reverse,2.1.2.1
EX_ascb_L_e,
ACOAD8f_reverse,1.3.99.3
EX_ttdca_e,
EX_udpglcur_e,
GLNabcpp,
EX_LalaDglu_e,
PE140abcpp,
DAMPtex_reverse,
UDPGLCURtex_reverse,
FALDtpp,
HG2abcpp,
NDPK2,2.7.4.6
LYSt3pp,
3CMPtex,
PYDXtex_reverse,
GLCt2pp,
DHQS,4.2.3.4
EX_sbt_D_e,
ACGS,2.3.1.1
ARGSL_reverse,4.3.2.1
RNDR4b,
PROt4pp,
DADNtex,
DM_AMOB,
GLYC2Ptex,
F6PA_reverse,
LYStex_reverse,
PLIPA1E140pp,3.1.1.32
DINStex,
ACGK,2.7.2.8
CRNDCAL2,
TGBPA,4.1.2.40
FALDH2_reverse,1.1.1.284
ENTERES2,
GPDDA4pp,3.1.4.46
PYDXNtpp,
GK1,2.7.4.8
SGSAD,
EX_progly_e,
OCDCEAtexi,
GALURtex_reverse,
FECRMUtex,
HYD2pp,1.18.99.1
COLIPAabcpp,
UMPK_reverse,2.7.4.14
AGM4PCP,
APH120,3.6.1.7
DURIPP_reverse,
EX_glyc2p_e,
FECRMtonex,
ALDD2y,1.2.1.4
ALDD2x,1.2.1.3
URAtex_reverse,
PROGLYtex_reverse,
PGPP140pp,3.1.3.27
EX_chtbs_e,
UGLYCH,3.5.3.19
GCALDD,1.2.1.21
23PDE4pp,3.1.4.16
PSERtex,
ETHSO3tex_reverse,
FEENTERtonex,
ALLTNt2rpp,
ACACT2r_reverse,2.3.1.16
PPPNt2rpp_reverse,
L_LACD2,1.1.2.3
L_LACD3,1.1.2.3
LPADSS,2.4.1.182
2AGPGAT141,2.3.1.40
2AGPGAT140,2.3.1.40
EX_cobalt2_e,
CU2abcpp,
H2tex,
MELIBtex,
METabcpp,
EX_3gmp_e,
ACBIPGT,
NO3R2bpp,1.7.99.4
TMK,2.7.1.89
FESD1s,
FUMt2_3pp,
DHPTDCs2,
GLUCYS,6.3.2.2
DUMPtex,
EX_mg2_e,
DSBDR,
NTRIR2x,
ECOAH1_reverse,4.2.1.17
FUSAtpp,
NO2t2rpp,
TALA,2.2.1.2
MEOHtrpp,
GOFUCR,
HSDy_reverse,1.1.1.3
PG141abcpp,
NADH16pp,1.6.5.3
ARGt3pp,
HSST,2.3.1.46
TMAOR2pp,
3OAR141,1.1.1.100
3OAR140,1.1.1.100
EX_alaala_e,
EX_isetac_e,
MALDtex_reverse,
LYXtex,
PLIPA1G180pp,3.1.1.32
EX_glu_L_e,
EX_lipoate_e,
DIMPtex_reverse,
PAPSR2,1.8.4.8
THIORDXi,
PUNP4,2.4.2.1
PUNP5,2.4.2.1
PUNP6,2.4.2.1
PUNP7,2.4.2.1
BUTt2rpp_reverse,
LPLIPAL1A180pp,3.1.1.5
PUNP2,2.4.2.1
PUNP3,2.4.2.1
LPLIPAL2E180,3.1.1.5
LPLIPAL2E181,3.1.1.5
SO4t2pp,
EX_gln_L_e,
PMPK,2.7.4.7
ASPO3,1.4.3.16
34dhpactex,
ASPO5,1.4.3.16
ASPO6,
EX_arbt_e,
GLYt4pp,
CYTDK2,
CPMPS,
TTDCEAtexi,
MDH3,1.1.99.16
MDH2,1.1.99.16
EX_cpgn_un_e,
EX_mobd_e,
PTRCabcpp,
ASPt2_2pp,
PPM2_reverse,5.4.2.7
ILEabcpp,
EX_ocdcea_e,
FORtex_reverse,
R5Ptex,
PGLYCP,3.1.3.18
DMSOR1,
HEMEOS,
NADTRHD,
LEUtex_reverse,
COBALT2t3pp,
PGP160abcpp,
ARBtex,
PG181abcpp,
GAL1Ptex,
AGM3Pt2pp,
3KGK,
GALURt2rpp_reverse,
EX_no3_e,
EX_gal_bD_e,
FRUURtex,
PUNP7_reverse,2.4.2.1
MMCD,4.1.1.41
TMAtex_reverse,
GAL1PPpp,3.1.3.10
TYRL,
EAR100x,1.3.1.9
NTPTP1,3.1.5.1
NTPTP2,3.1.5.1
EX_ttdcea_e,
DAGK161,2.7.1.107
DAGK160,2.7.1.107
PSD120,4.1.1.65
DHPTPE_reverse,
FEOXAMUtex,
CDAPPA120,3.6.1.26
ZN2abcpp,
PPK2r_reverse,2.7.4.1
PSERT,2.6.1.52
UAGAAT_reverse,2.3.1.129
CUt3,
METSOX1tex,
H2Otpp,
AICART,2.1.2.3
TAURtex,
BTNtex,
NNDPR,2.4.2.19
LIPOtex_reverse,
ACOAD6f_reverse,1.3.99.3
ACNML,4.1.3.3
MG2t3_2pp,
NADN,3.2.2.5
5DGLCNR_reverse,1.1.1.69
TREH,3.2.1.28
MACPD,
HG2tex_reverse,
ALDD4,
LIPAabctex,
PTPATi,2.7.7.3
EX_tym_e,
EX_udpacgal_e,
CMtex,
EX_h2o_e,
4PCP,
GLGC,2.7.7.27
SO4tex_reverse,
TKT2,2.2.1.1
TKT1,2.2.1.1
HYXNtex,
GLCATr,2.3.1.79
FE2t2pp,
EX_chol_e,
DASYN181,2.7.7.41
GGPTRCS,6.3.1.11
EX_h2s_e,
NTRIR4pp,
SERAT,2.3.1.30
EX_melib_e,
EX_n2o_e,
MCOATA,2.3.1.39
ADEt2rpp_reverse,
GLYt2rpp_reverse,
MCITL2_reverse,4.1.3.30
EAR141y,1.3.1.10
CHRPL,4.1.3.40
CRNDtex_reverse,
CYNTtex,
EX_cbl1_e_reverse,
EX_lac_L_e,
ACM6PH,
PMDPHT,
GGGABADr_reverse,
MANtex_reverse,
METDabcpp,
EX_pacald_e,
ARAI_reverse,5.3.1.4
LALALGLUtex_reverse,
ACt2rpp,
O16GLCT2,
MDDCP5pp,3.4.16.4
23CCMPtex,
GLU5K,2.7.2.11
GDPTPDP,3.1.7.2
GLYCK2,2.7.1.31
G6PDA,3.5.99.6
SPODMpp,1.15.1.1
MPTG2,
MLTG5,
MLTG4,
ACACCT,
MLTG1,
LPLIPAL2ATG181,
LPLIPAL2ATG180,
DKGLCNR1,
RNTR4c2,
ASPt2rpp_reverse,
EX_indole_e,
GLCRtex,
H2St1pp,
G3PIabcpp,
FORCT_reverse,
LDH_D,1.1.1.28
GMAND,4.2.1.47
G3PD7,1.1.5.3
ECAtpp,
OMCDC,
CBIuabcpp,
EX_dcyt_e,
O16AUNDtpp,
SELCYSS,2.9.1.1
SARCOX,1.5.3.1
ACGAtex_reverse,
GAMAN6Ptex_reverse,
HACD4_reverse,1.1.1.35
ACS,6.2.1.1
EX_damp_e,
2AGPA160tipp,
UHGADA,
3PEPTabcpp,
IMPtex,
EX_lipa_e,
MCOATA_reverse,2.3.1.39
GALCTNt2pp,
14GLUCANabcpp,
EX_ala_B_e,
CRNt2rpp_reverse,
PTAr,2.3.1.8
4HOXPACDtex_reverse,
CRNt8pp,
CLPNH160pp,
PYDXPP,
EX_ala_L_e,
CYSDtex_reverse,
EX_minohp_e,
NHFRBO,2.7.1.5
EAR60x,1.3.1.9
EAR60y,1.3.1.10
CDAPPA161,3.6.1.26
CDAPPA160,3.6.1.26
RMNtex,
NTD1pp,3.1.3.5
ASCBtex,
MLDCP2App,3.4.17.13
AGPR_reverse,1.2.1.38
EX_crn_D_e,
EX_3amp_e,
MTHFC,3.5.4.9
EX_gsn_e,
MTHFD,1.5.1.5
CLPNS141pp,
TRPS3,4.2.1.20
TARTRDtex_reverse,
TRPS1,4.2.1.20
CD2t3pp,
FE2t3pp,
DHAtex,
DURIt2pp,
PPPNtex_reverse,
DOXRBCNtex,
3HAD60,4.2.1.58
OMPDC,4.1.1.23
2AGPEAT161,2.3.1.40
MOGDS,
HACD1_reverse,1.1.1.35
GTPCII2,3.5.4.25
KARA2_reverse,1.1.1.86
OHPHM,
CBPS,6.3.5.5
EX_tsul_e,
ACACT6r_reverse,2.3.1.16
PPAt4pp,
DADNtex_reverse,
POR5_reverse,1.2.7.1
ARGtex_reverse,
EX_so3_e,
EX_tungs_e_reverse,
TYROXDApp,1.4.3.21
ACOAD1f_reverse,1.3.99.2
NADDP,3.6.1.22
PSP_Lpp,
GTPtex,
PSD140,4.1.1.65
MAN6Ptex_reverse,
AGt3,
R1PK,
AOBUTDs,
HCYSMT2,
EAR181y,1.3.1.10
EAR181x,1.3.1.9
MDDCP4pp,3.4.16.4
ADCL,
EX_acgal1p_e,
DPCOAK,2.7.1.24
G3PAT160,2.3.1.15
HSDy,1.1.1.3
XYLK2,2.7.1.53
NOtpp,
G3PAT161,2.3.1.15
FE2abcpp,
NMNDA,3.5.1.42
ASO3tex_reverse,
THMDt2rpp_reverse,
EX_fald_e,
EX_maltttr_e,
DCMPtex,
CDAPPA181,3.6.1.26
CDAPPA180,3.6.1.26
TYRTA_reverse,2.6.1.5
FUCtex,
PGMT,5.4.2.2
GLYAT,2.3.1.29
ANHGMtex,
EX_mn2_e_reverse,
ECOAH4_reverse,4.2.1.17
GLYALDtex_reverse,
GLYCLTtex,
SUCTARTtpp,
ZNabcpp,
PHEt2rpp_reverse,
IDONtex_reverse,
DHPTDNR,
UAMAGS,6.3.2.9
EX_23dappa_e,
ACGAL1Ptex_reverse,
FRUURt2rpp,
ADNtex,
DHPS2,2.5.1.15
PYDXtex,
LPLIPAL1E141pp,3.1.1.5
FACOAE60,
DHBSH,
M1PD_reverse,1.1.1.17
GLYOX3,
ACACT4r,2.3.1.16
GLYCLTt2rpp_reverse,
PLIPA1E180pp,3.1.1.32
METSOXR2,
TMPPP,2.5.1.3
ARGORNt7pp,
METSOXR1,1.8.4.5
PLIPA1G140pp,3.1.1.32
DAPE_reverse,5.1.1.7
G1PACT,2.3.1.157
FACOAL80t2pp,6.2.1.3
DATPHs,
FACOAE80,
TRE6PH,3.2.1.93
PGSA160,2.7.8.5
LPLIPAL1A160pp,3.1.1.5
TRE6PP,3.1.3.12
TRE6PS,2.4.1.15
THRt4pp,
PSCVT_reverse,2.5.1.19
DMQMT,
GALtex,
EX_h2o_e_reverse,
SUCOAS_reverse,6.2.1.5
4PCPpp,
ILEt2rpp,
PPNCL2,6.3.2.5
AP4AH,3.6.1.41
EX_g3pg_e,
G3PAT140,2.3.1.15
G3PAT141,2.3.1.15
ECOAH8_reverse,4.2.1.17
CITtex,
RPE_reverse,5.1.3.1
EX_glcn_e,
GUACYC,4.6.1.2
4HTHRS,
PRAGSr_reverse,6.3.4.13
PLIPA1E141pp,3.1.1.32
ALPATE160pp,
EX_acgal_e,
DCYTtex_reverse,
FADRx2,
APRAUR,1.1.1.193
XYLUt2pp,
HYD3pp,1.18.99.1
EX_co2_e_reverse,
ATPS4rpp_reverse,3.6.3.14
GHBDHx_reverse,
ALAt2rpp_reverse,
UDPGDC,
NTD10pp,3.1.3.5
CITt7pp,
LIPOCT,2.3.1.181
ORNtex_reverse,
LPLIPAL1G120pp,3.1.1.5
GMHEPK,
G6Ptex_reverse,
FE3DCITabcpp,
TAURabcpp,
NOtex_reverse,
ADSL1r_reverse,4.3.2.2
URItex_reverse,
EX_aso3_e,
HACD8_reverse,1.1.1.35
EX_nmn_e,
ADNt2rpp,
23PDE7pp,3.1.4.16
PLIPA2E181pp,3.1.1.4
ADK3_reverse,
EX_enlipa_e,
ACOAD5f,1.3.99.3
23CUMPtex,
NDPK4_reverse,2.7.4.6
EX_cd2_e,
3OAS161,2.3.1.41
PMANM,5.4.2.8
DM_4CRSOL,
GSNtex_reverse,
PIt2rpp,
ACMANAptspp,
GSNK,
MDH,1.1.1.37
UACGAMPpp,3.6.1.45
QUINDH_reverse,1.1.1.282
SHK3Dr,1.1.1.25
CYANtex_reverse,
TYRTA,2.6.1.5
ASPK,2.7.2.4
ASPT,4.3.1.1
2AGPA180tipp,
EX_na1_e,
LPLIPAL2ATE180,
CYTBDpp,
CYSTRS,6.1.1.16
CYNTtex_reverse,
ECAP2pp,
EX_g3pc_e,
PLIPA1G141pp,3.1.1.32
ACACT1r_reverse,2.3.1.9
ACPPAT120,
MOBDtex_reverse,
BTNtex_reverse,
MG2tpp,
MAN6Pt6_2pp,
PLIPA1G181pp,3.1.1.32
EX_feenter_e,
METSOX1abcpp,
LCTStex,
INDOLEtex_reverse,
TMDPP,2.4.2.4
DURADx,1.3.1.1
PTA2,
MEPCT,2.7.7.60
DGSNtex_reverse,
EX_g3pe_e,
DHNPTE_reverse,
PROabcpp,
EX_asp_L_e,
XMPtex_reverse,
CHORM,5.4.99.5
DHNPTE,
EAR180x,1.3.1.9
EAR180y,1.3.1.10
CLPNH120pp,
NAt3_1p5pp,
FE3HOXtonex,
FEOXAMR2,
FEOXAMR3,
FEOXAMR1,
ACt4pp,
EX_cl_e_reverse,
H2O2tex,
EX_arab_L_e,
OROTtex,
GLYBtex_reverse,
ADPRDP,3.6.1.13
EX_glcr_e,
PPKr,2.7.4.1
ACKr_reverse,2.7.2.1
APPLDHr,1.1.1.75
EX_23cump_e,
EX_fe2_e,
EX_metsox_R_L_e,
PUNP3_reverse,2.4.2.1
ENTCS,
CD2tex_reverse,
GMHEPAT,
ACOAD7f_reverse,1.3.99.3
EX_acald_e,
ACACt2pp,
PLIPA1A180pp,3.1.1.32
LPLIPAL1A140pp,3.1.1.5
ATPPRT,2.4.2.17
EX_ac_e,
MTHFC_reverse,3.5.4.9
CTBTabcpp,
DDCAtexi,
ALCD19_reverse,1.1.1.1
PRAMPC,3.5.4.19
NTP3pp,3.6.1.15
ACACT3r_reverse,2.3.1.16
PLIPA2E180pp,3.1.1.4
ASO3t8pp,
GLCURtex_reverse,
2AGPGAT161,2.3.1.40
2AGPGAT160,2.3.1.40
XYLUtex_reverse,
GUAtpp_reverse,
EX_dmso_e,
HEXt2rpp,
ANHMK,
ADK3,
DIMPtex,
ASPtex_reverse,
ACALDtpp,
GLCUR1Ptex_reverse,
EX_f6p_e,
DCAtex,
ASNt2rpp,
MECDPS,
NACtex,
ACALDtex,
GLYCtpp_reverse,
GALCTt2rpp_reverse,
EX_fuc_L_e,
IMPC,3.5.4.10
EX_k_e,
3OAR161,1.1.1.100
3OAR160,1.1.1.100
IMPD,1.1.1.205
HOPNTAL,
DM_MTHTHF,
CLIPAabctex,
PSD160,4.1.1.65
GUI1_reverse,5.3.1.12
PSD161,4.1.1.65
EX_dump_e,
OMPHHX3,
ACOATA,2.3.1.38
PGAMT_reverse,5.4.2.10
2AGPE180tipp,
ARGORNt7pp_reverse,
ETHSO3tex,
G3PItex,
DALAt2pp,
APCS,2.5.1.16
EX_ocdca_e,
SBTPD_reverse,1.1.1.140
NDPK1_reverse,2.7.4.6
DAPDC,4.1.1.20
HISt2rpp_reverse,
SERASr,
PYDXNtex_reverse,
3OAS140,2.3.1.41
3OAS141,2.3.1.41
ISETACtex,
SPMS,2.5.1.16
DURItex_reverse,
Zn2tex_reverse,
HYXNtpp_reverse,
ATPS4rpp,3.6.3.14
FE2tpp,
PPPNt2rpp,
XAND,1.1.1.204
EX_ni2_e,
ACGAM1Ptex,
NTP3,3.6.1.15
NTP1,3.6.1.15
DAGK181,2.7.1.107
NTP5,3.6.1.15
FACOAL120t2pp,6.2.1.3
INSTtex,
FUM,4.2.1.2
OCTNLL,
IDOND_reverse,
Kt2pp,
HOMtex_reverse,
DAPE,5.1.1.7
EX_gal_e,
TDPAGTA,2.6.1.33
14GLUCANtexi,
EX_glcur1p_e,
GLTPD_reverse,
ABUTtex,
EX_ump_e,
3OAR40_reverse,1.1.1.100
FRULYSDG,
LYStex,
GPDDA1pp,3.1.4.46
AGM4PApp,
GTHOXtex,
GTHOr_reverse,1.8.1.7
CCGS,
IPPMIb,4.2.1.33
PLIPA1A181pp,3.1.1.32
EX_meoh_e,
NDPK6_reverse,2.7.4.6
FE3HOXabcpp,
SGDS,
ACACT5r,2.3.1.16
RBP4E_reverse,5.1.3.4
3HAD180,4.2.1.61
3HAD181,4.2.1.61
ASNNpp,3.5.1.1
SERtex_reverse,
FRD2,1.3.5.4
FRD3,1.3.5.4
PACALDt2rpp,
3OAS181,2.3.1.41
DMSOtex,
SUCBZS,
ORPT,2.4.2.10
ASNtex_reverse,
EX_akg_e,
HISt2rpp,
TDPADGAT,
FE3DHBZSabcpp,
EAR80x,1.3.1.9
HEXt2rpp_reverse,
SUCBZL,6.2.1.26
PGSA120,2.7.8.5
T2DECAI,
HPYRI_reverse,5.3.1.22
MALTATr_reverse,2.3.1.79
AST,2.3.1.109
5DGLCNt2rpp,
OROTt2_2pp,
PGPP141,3.1.3.27
ALCD19,1.1.1.1
ALLabcpp,
UACGALPpp,3.6.1.45
ALAALAtex_reverse,
FRULYSK,
CLtex_reverse,
PPM2,5.4.2.7
FRULYSE,
EX_maltpt_e,
TDPDRE,5.1.3.13
LIPAabcpp,
GALCTNtex,
LPLIPAL2A161,3.1.1.5
IGPDH,4.2.1.19
TDPDRR,1.1.1.133
UGLT_reverse,2.7.7.12
LEUabcpp,
HYPOE,
PSSA120,2.7.8.8
EX_fe3hox_e,
ARGAGMt7pp_reverse,
3HPPPNH,
ACPPAT181,
ACPPAT180,
DADK_reverse,2.7.4.11
ARBTNR1,
EX_cm_e,
PLIPA2G120pp,3.1.1.4
GAMtex,
UMPtex_reverse,
FACOAE181,
COBALT2tex_reverse,
3OAR100_reverse,1.1.1.100
PGP120abcpp,
G3PStex_reverse,
FALDtpp_reverse,
CTECOAI8_reverse,5.3.3.8
ACMAMUT,
CYTD,3.5.4.5
3PEPTtex_reverse,
NDPK8,2.7.4.6
DSERDHr,
PPND,1.3.1.12
NDPK3,2.7.4.6
NDPK1,2.7.4.6
TRDR,1.8.1.9
NDPK7,2.7.4.6
ADOCBLabcpp,
NDPK5,2.7.4.6
TYMtex,
EX_galct_D_e,
GLYC3Ptex,
RNDR3b,
GLUABUTt7pp,
CA2t3pp,
TKT1_reverse,2.2.1.1
FEENTERR2,
EX_manglyc_e,
MGSA,4.2.3.3
NTD9pp,3.1.3.5
CLPNS141pp_reverse,
NI2tex,
AKGt2rpp_reverse,
EX_o2_e,
URAt2pp,
ASPabcpp,
PGSA180,2.7.8.5
ALLTAMH,3.5.3.9
MAN1PT2,2.7.7.22
SHCHD2,
EX_idon_L_e,
TALA_reverse,2.2.1.2
CYSS,2.5.1.47
2AGPEAT141,2.3.1.40
2AGPEAT140,2.3.1.40
ACONIs_reverse,5.3.3.7
EX_r5p_e,
ARBTNR2,
ARBTNR3,
THRPtex,
OCBT_reverse,2.1.3.3
GHMT2r,2.1.2.1
MLDCP1Bpp,3.4.17.13
EX_leu_L_e,
MOAT2,
BWCOS,
N2Otpp,
MANtex,
FEOXAMexs,
ARGabcpp,
IPMD,1.1.1.85
AMPMS2,
ADNtex_reverse,
EX_tmao_e,
IPDPS,
SULRi,1.8.1.2
PLIPA1E181pp,3.1.1.32
THMabcpp,
EX_cit_e,
GAPD,1.2.1.12
DSBCGT,
LPLIPAL2G160,3.1.1.5
LPLIPAL2G161,3.1.1.5
INOSTt4pp,
GMPtex,
ASPK_reverse,2.7.2.4
EAR40x,1.3.1.9
EAR40y,1.3.1.10
3HPPtex,
GLCtex,
CU2tex,
GMPR,1.7.1.7
PROt2rpp_reverse,
EX_frulys_e,
MEOHtex,
XANt2pp,
3NTD2pp,
PPALtpp_reverse,
PLIPA2G181pp,3.1.1.4
PA140abcpp,
DHPTPE,
THRD_L,4.3.1.19
GLYOX,3.1.2.6
PLIPA2E160pp,3.1.1.4
EX_phe_L_e,
THRtex,
NACtpp,
N2Otex,
FACOAE161,
COBALT2tpp,
FACOAE160,
URIK2,2.7.1.48
MLTP2_reverse,
AKGt2rpp,
EX_34dhpac_e,
ARAI,5.3.1.4
GALKr,2.7.1.6
CINNDO,
INSt2rpp,
ACACT6r,2.3.1.16
MALS,2.3.3.9
NTD11pp,3.1.3.5
ARBt3ipp,
METSOX2tex_reverse,
G3PItex_reverse,
GLYALDtex,
MALt3pp,
ALLTNtex_reverse,
HETZK,2.7.1.50
ADK1_reverse,2.7.4.3
HPPPNtex,
NTD8pp,3.1.3.5
MLTP1_reverse,
PTRCTA,2.6.1.29
DSBAO2,
ATHRDHr_reverse,
ECOAH8,4.2.1.17
ECOAH6,4.2.1.17
ECOAH7,4.2.1.17
ECOAH4,4.2.1.17
ECOAH5,4.2.1.17
ECOAH2,4.2.1.17
ECOAH3,4.2.1.17
CMtpp,
OP4ENH,4.2.1.80
FA80ACPHi,3.1.2.14
GRTT,2.5.1.10
G3PAT120,2.3.1.15
ARBTptspp,
MNtex_reverse,
PE181abcpp,
PNTK,2.7.1.33
UGLCURPpp,3.6.1.45
LIPOS,
ALLPI_reverse,
ADOCBLtonex,
FBP,3.1.3.11
NO2tex,
A5PISO,5.3.1.13
ARGSL,4.3.2.1
LYSt2pp,
OBTFL,2.3.1.54
Ec_biomass_iJO1366_WT_53p95M,
FRUURt2rpp_reverse,
UAMAS,6.3.2.8
ARGSS,6.3.4.5
NO3R1pp,1.7.99.4
CRNDt2rpp,
CLPNS160pp,
MG2t3_2pp_reverse,
ALDD19xr,1.2.1.39
PGP180abcpp,
RZ5PP,
EX_dgsn_e,
FRULYSE_reverse,
CUtex_reverse,
EX_orot_e,
EX_g6p_e,
UGMDDS,6.3.2.15
EX_sel_e,
4PEPTtex,
GTPHs,
OCTAtex_reverse,
ASNN,3.5.1.1
3OAR80_reverse,1.1.1.100
PLIPA1A140pp,3.1.1.32
PHEMEabcpp,
MLTGY1pp,
MANAO,1.1.1.57
EX_colipap_e,
LPLIPAL1G160pp,3.1.1.5
CBMD,
ADEtex,
3OAR140_reverse,1.1.1.100
ADEtex_reverse,
EX_ni2_e_reverse,
FE3DCITtonex,
ACKr,2.7.2.1
METtex_reverse,
PLIPA1E161pp,3.1.1.32
DHORTS,3.5.2.3
RIBtex_reverse,
DGSNt2pp,
PPC,4.1.1.31
PPA,3.6.1.1
FDH5pp,1.2.2.1
TARTRtex_reverse,
NOVBCNtex_reverse,
12DGR180tipp,
URIt2rpp,
EX_3cmp_e,
PPS,2.7.9.2
METtex,
PGPP181pp,3.1.3.27
GPDDA4,3.1.4.46
GPDDA5,3.1.4.46
PRAGSr,6.3.4.13
GPDDA1,3.1.4.46
ATHRDHr,
GPDDA3,3.1.4.46
GLYCAt2rpp,
SKMt2pp,
OCDCAtexi,
XANtpp,
ANS,4.1.3.27
ORPT_reverse,2.4.2.10
2AGPE161tipp,
EX_gua_e,
PLIPA2G161pp,3.1.1.4
ZN2t3pp,
RMI_reverse,5.3.1.14
INStex_reverse,
ACACT8r_reverse,2.3.1.16
SDPTA,2.6.1.17
T2DECAI_reverse,
POR5,1.2.7.1
XYLI1_reverse,5.3.1.5
LIPOtex,
CPGNR2,
CPGNR3,
CRNCBCT,
CPGNR1,
BPNT,3.1.3.7
NI2abcpp,
DURIPP,
FMNRx,1.5.1.39
TRSARr_reverse,1.1.1.60
NADK,2.7.1.23
CBLAT,2.5.1.17
3GMPtex_reverse,
EX_ins_e,
LPLIPAL1E160pp,3.1.1.5
PROTRS,6.1.1.15
GLYTRS,6.1.1.14
CA2tex,
EX_uri_e,
LPLIPAL1A181pp,3.1.1.5
HPPPNt2rpp_reverse,
PGP161abcpp,
3OAR40,1.1.1.100
FLVRx,1.5.1.30
EX_glc_e_reverse,
DURItex,
ThDPAT,
FA140ACPHi,3.1.2.14
XTSNtex_reverse,
TUNGStex_reverse,
GUI2_reverse,5.3.1.12
EX_14glucan_e,
EX_cyan_e,
BUTSO3tex,
MDDEP1pp,
SUCDi,1.3.5.1
2AGPG181tipp,
CLPNS161pp,
EX_thr_L_e,
EX_adn_e,
RFAMPtex_reverse,
TMAOtex_reverse,
3UMPtex,
EX_ura_e,
GAL1Ptex_reverse,
PGP141abcpp,
NADS1,6.3.1.5
RIBabcpp,
PLIPA2E161pp,3.1.1.4
LPLIPAL2E140,3.1.1.5
LPLIPAL2E141,3.1.1.5
MSO3abcpp,
EX_k_e_reverse,
NAt3pp,
IMPC_reverse,3.5.4.10
2AGPGAT181,2.3.1.40
2AGPGAT180,2.3.1.40
CUtex,
LGTHL,4.4.1.5
METDtex_reverse,
PLIPA1A141pp,3.1.1.32
ACONTa_reverse,4.2.1.3
EX_LalaLglu_e,
GTPDPDP,3.6.1.40
INDOLEt2rpp,
LEUTRS,6.1.1.4
TRPt2rpp_reverse,
NTD8,3.1.3.5
GLUR,5.1.1.3
4HOXPACDtex,
GLUN,3.5.1.2
NH4tex,
UACGAMtex,
NOVBCNtpp,
AGMHE,5.1.3.20
CAt6pp_reverse,
HCO3E_reverse,4.2.1.1
MALTptspp,
EX_o2s_e,
FRULYStex_reverse,
EX_glyb_e,
CYSabcpp,
3OAR181,1.1.1.100
3OAR180,1.1.1.100
GLYCLTt2rpp,
PYROX,
PIuabcpp,
LYXtex_reverse,
ETHAt2pp,
SHKK,2.7.1.71
URDGLYCD,1.1.1.154
PAPA140pp,3.1.3.4
ASPCT,2.1.3.2
3OAS160,2.3.1.41
ETHAAL,4.3.1.7
FBA,4.1.2.13
LALGP,
PLIPA2G160pp,3.1.1.4
EX_ade_e,
PDE4,3.1.4.17
ABUTtex_reverse,
GTHOXtex_reverse,
NMNPtpp,
ISETACtex_reverse,
Ktex,
DHAPT,
EX_pppn_e,
AP4AS,
ABUTt2pp,
ICYSDS,
FE3abcpp,
PYDAMtpp,
G6PP,3.1.3.9
AGPR,1.2.1.38
BUTt2rpp,
PPALtex_reverse,
FE3tex,
MALDtex,
EX_zn2_e_reverse,
MINCYCtpp,
CRNt2rpp,
GLUDC,4.1.1.15
CYANST,2.8.1.1
F6PP,
GLUDy,1.4.1.4
EX_gam6p_e,
PGP181abcpp,
HCINNMtex_reverse,
FLDR2,1.18.1.2
PLIPA2A140pp,3.1.1.4
F6PA,
FRUtex,
12PPDRtpp,
UM3PL,
CYTDtex,
MI1PP,3.1.3.25
GPDDA2,3.1.4.46
26DAHtex,
INSt2rpp_reverse,
PHEtex,
ACGAMT,
AGPAT161,2.3.1.51
EX_thrp_e,
FUMtex,
DDPGALA_reverse,4.1.2.21
PPPNDO,
ACACT7r,2.3.1.16
MALt2_3pp,
DMSOtex_reverse,
PYDAMtex_reverse,
PLIPA2A181pp,3.1.1.4
ACGAMK,2.7.1.59
MALTTTRtexi,
ALAtex_reverse,
PPTtex_reverse,
G3PSabcpp,
PAPA120,3.1.3.4
DHCINDO,
R15BPK,
NNATr_reverse,2.7.7.18
TUNGStex,
K2L4Aabctex,
MOAT,
TDPGDH,4.2.1.46
EX_3hpppn_e,
ACALDtpp_reverse,
PGSA141,2.7.8.5
PGSA140,2.7.8.5
FE3tex_reverse,
CPPPGO,1.3.3.3
PE141abcpp,
H2Stex,
NODOx,1.14.12.17
NNAM,3.5.1.19
CYTBD2pp,
ASAD,1.2.1.11
3HAD140,4.2.1.61
3HAD141,4.2.1.61
HPYRRy,
HPYRRx,
CLPNS120pp,
ADMDC,4.1.1.50
EX_12ppd_S_e,
PAPA180pp,3.1.3.4
IDOND,
UDPGD,1.1.1.22
SULabcpp,
CMPtex,
HADPCOADH3_reverse,
EX_cl_e,
FECRMUtpp,
DDGLCNtex,
TPI_reverse,5.3.1.1
MTAN,3.2.2.16
MOBDabcpp,
H2SO,
EX_ppt_e,
PROt2rpp,
MLDEP2pp,
FESR,
EX_butso3_e,
OXDHCOAT,
APPLDHr_reverse,1.1.1.75
TTDCAtexi,
ILETRS,6.1.1.5
AAMYL,
QUINDH,1.1.1.282
EX_hdca_e,
OROTtex_reverse,
COBALT2tex,
GF6PTA,2.6.1.16
NO3t7pp,
CHLtex,
ASPTRS,6.1.1.12
MDDCP3pp,3.4.16.4
PPAtex_reverse,
CDPMEK,
CU1abcpp,
LCTSt3ipp,
SELR,
